{
  "meta": {
    "device": "NVIDIA GeForce RTX 5060 Ti",
    "torch": "2.11.0+cu128",
    "seed": 42,
    "amp_bf16": true,
    "budget": {
      "simclr": 30,
      "dino": 50,
      "mae_main": 50,
      "mae_ablation": 5
    },
    "smoke": false,
    "total_minutes": 207.2
  },
  "simclr": {
    "epochs": 30,
    "linear_acc": 73.11999999999999,
    "time_per_epoch": 19.890967416763306,
    "losses": [
      5.412264623397436,
      5.219049854767628,
      5.140814991486378,
      5.083688589242788,
      5.046609262319712,
      5.014520733173077,
      4.991071026141827,
      4.975665439703525,
      4.96037347255609,
      4.944801995693109,
      4.936947553585737,
      4.923397748898237,
      4.916118915264423,
      4.9056108523637825,
      4.9035785381610575,
      4.895684344951923,
      4.890796837439904,
      4.886072403345352,
      4.882283215645032,
      4.873653157552083,
      4.869086162860577,
      4.871915064102564,
      4.8635260166266026,
      4.8601656400240385,
      4.858740547375802,
      4.856830929487179,
      4.852822015224359,
      4.849730506310096,
      4.845177596654647,
      4.843100210336538
    ],
    "epoch_times": [
      47.0780246257782,
      18.334598541259766,
      18.494818210601807,
      19.199713468551636,
      18.958267211914062,
      18.98621106147766,
      18.979958295822144,
      18.95280432701111,
      18.934073448181152,
      19.07079577445984,
      18.988922357559204,
      18.965004682540894,
      18.97368335723877,
      18.961983680725098,
      18.96847128868103,
      18.974859952926636,
      18.984312295913696,
      18.968406677246094,
      19.085581302642822,
      19.073546886444092,
      18.970999717712402,
      18.96843123435974,
      18.946394681930542,
      18.939427375793457,
      19.107805490493774,
      19.02395725250244,
      18.98076605796814,
      18.968488693237305,
      18.94880485534668,
      18.93990969657898
    ]
  },
  "dino_default": {
    "epochs": 50,
    "linear_acc": 70.00999999999999,
    "time_per_epoch": 82.15675843715668,
    "losses": [
      5.296218032568273,
      4.829514538890726,
      4.5657560993248305,
      4.362769022793837,
      4.1504294405215525,
      4.010867446088608,
      3.8611459405413053,
      3.740357969237656,
      3.6437500429825045,
      3.561246847221091,
      3.475991583969468,
      3.422008148381408,
      3.3767980008973963,
      3.311784478369504,
      3.2468552461201647,
      3.1693787846461454,
      3.090951490341167,
      3.011213474175994,
      2.959023769625323,
      2.906271787062192,
      2.876958574131417,
      2.8443865223517033,
      2.800027849732227,
      2.7877912582417,
      2.788980371973426,
      2.775345955249137,
      2.748238952455997,
      2.7139096818721247,
      2.689858921358741,
      2.6630627895286842,
      2.6473344434696644,
      2.6409725077478896,
      2.6206087602085404,
      2.6209406492499476,
      2.59994394495301,
      2.583672523498535,
      2.560470381405839,
      2.5446595651086863,
      2.5380383026279345,
      2.516781523346748,
      2.5064451279316606,
      2.494829328661539,
      2.466316568714098,
      2.458967513219953,
      2.448513163952455,
      2.431054457812242,
      2.421274824728581,
      2.4089246478489814,
      2.4104884240141904,
      2.3937540620603572
    ],
    "center_norms": [
      4.277629852294922,
      6.00607442855835,
      7.477208614349365,
      8.60155200958252,
      9.668891906738281,
      11.071130752563477,
      12.109649658203125,
      13.74178409576416,
      14.361812591552734,
      15.160072326660156,
      15.931337356567383,
      16.15275764465332,
      16.99813461303711,
      18.94325828552246,
      20.79983901977539,
      22.777982711791992,
      23.91376495361328,
      25.4133243560791,
      27.034648895263672,
      28.280057907104492,
      28.04352378845215,
      28.526063919067383,
      28.638275146484375,
      28.97244644165039,
      28.517005920410156,
      28.433490753173828,
      30.17305564880371,
      29.395343780517578,
      29.529760360717773,
      30.69034767150879,
      30.92247200012207,
      31.179553985595703,
      30.531408309936523,
      29.31512451171875,
      30.085481643676758,
      30.706483840942383,
      30.27393913269043,
      32.333011627197266,
      32.085941314697266,
      33.146488189697266,
      34.255863189697266,
      34.694358825683594,
      36.13306427001953,
      36.99692916870117,
      35.192874908447266,
      37.93198013305664,
      39.12776565551758,
      38.73209762573242,
      36.354835510253906,
      37.6855583190918
    ],
    "epoch_times": [
      109.12789535522461,
      80.13512444496155,
      80.77359509468079,
      80.79871392250061,
      79.7523741722107,
      80.352046251297,
      82.53251910209656,
      81.15507626533508,
      80.15741896629333,
      79.41198444366455,
      80.51497173309326,
      81.35376620292664,
      80.39646434783936,
      79.92549514770508,
      81.10632061958313,
      78.52856349945068,
      80.8206729888916,
      80.7585678100586,
      78.31170582771301,
      80.20853304862976,
      79.75612425804138,
      78.0112988948822,
      78.8652024269104,
      81.01361680030823,
      80.22782850265503,
      81.24021887779236,
      80.60362696647644,
      80.36037063598633,
      80.17283487319946,
      81.41863250732422,
      82.07348895072937,
      80.59710693359375,
      85.06819868087769,
      86.69558954238892,
      85.55990624427795,
      82.66717791557312,
      82.40110921859741,
      84.07385683059692,
      83.55487084388733,
      82.48470211029053,
      82.86507225036621,
      82.48885083198547,
      84.66223978996277,
      83.57894325256348,
      82.17850065231323,
      81.96480202674866,
      82.93844270706177,
      86.41024446487427,
      83.58574557304382,
      84.19750905036926
    ]
  },
  "dino_no_centering": {
    "epochs": 50,
    "linear_acc": 28.42,
    "time_per_epoch": 110.37478748321533,
    "losses": [
      0.6706227122897833,
      0.4736969076411825,
      0.3643257893841337,
      0.30066391728370045,
      0.2306988199698177,
      0.13664172215580406,
      0.0563214292833832,
      0.027415703078889898,
      0.007016315177118342,
      4.334173254520324e-05,
      1.3409235034440628e-05,
      8.131388931849662e-06,
      5.334406761761593e-06,
      3.6268812523076412e-06,
      2.56132246863468e-06,
      1.9696713568001575e-06,
      1.4610103913331323e-06,
      1.0888867199857355e-06,
      9.052767088775772e-07,
      7.798026673408784e-07,
      6.000957063826925e-07,
      5.946554355806267e-07,
      5.533579648957604e-07,
      5.74714656052524e-07,
      4.952739728446111e-07,
      4.775490348668738e-07,
      4.3258988730992295e-07,
      3.576435816362525e-07,
      2.5583536857813246e-07,
      2.0581369074967655e-07,
      1.1922239969200826e-07,
      1.192102364285829e-07,
      7.484851861049885e-08,
      4.29290878592684e-11,
      1.8364112723800394e-11,
      4.769901811611758e-12,
      2.3849507388393127e-12,
      3.8159182148986525e-12,
      4.461127830123679e-19,
      1.875746671759623e-19,
      7.793186786774744e-20,
      2.3849491581116106e-13,
      1.3763733669876156e-20,
      4.769897726199279e-13,
      2.9202228616695845e-21,
      1.6021565836386081e-21,
      1.0396625717663538e-21,
      8.010545396113732e-22,
      7.002244199574467e-22,
      6.538927306244402e-22
    ],